,acousticness,danceability,instrumentalness,key,liveness,loudness,mode,speechiness,tempo,time_signature,valence
0,0.000721,0.539,0.43799999999999994,4,0.198,9.11,0,0.0361,105.303,4,0.5870000000000001
1,9.86e-05,0.47700000000000004,0.0022,2,0.11900000000000001,4.337,1,0.0833,150.001,4,0.218
2,0.0176,0.358,0.00252,7,0.0982,8.924,1,0.0677,158.77700000000002,4,0.578
3,0.0018399999999999998,0.593,0.0,2,0.128,6.325,0,0.0286,124.01299999999999,4,0.473
4,0.00011499999999999999,0.494,0.0,8,0.0904,7.041,1,0.0359,139.963,4,0.406
5,0.00020899999999999998,0.515,0.00047599999999999997,1,0.145,7.312,1,0.0417,121.988,4,0.409
6,0.0477,0.36700000000000005,0.00124,4,0.235,5.956,0,0.175,106.329,3,0.239
7,0.0017699999999999999,0.568,0.00040599999999999995,1,0.36,5.235,1,0.0494,133.064,4,0.693
8,0.00257,0.447,1.6800000000000002e-05,2,0.0744,4.994,0,0.0464,80.04,4,0.505
9,0.0379,0.562,4.84e-05,3,0.0663,5.564,0,0.122,136.162,4,0.65
10,0.00013700000000000002,0.46799999999999997,0.0,10,0.215,5.144,0,0.15,138.006,4,0.392
11,0.00502,0.601,0.15,0,0.121,3.78,1,0.0455,167.87900000000002,4,0.249
12,0.00057,0.264,0.111,7,0.28300000000000003,4.362,1,0.0795,85.508,4,0.7659999999999999
13,0.00746,0.489,0.0,0,0.146,4.448,1,0.0332,145.885,4,0.444
14,0.0013599999999999999,0.43700000000000006,0.0323,0,0.21600000000000003,9.359,1,0.0609,114.553,4,0.278
15,0.0557,0.534,2.16e-06,11,0.0992,5.4110000000000005,0,0.0389,141.915,4,0.397
16,2.8699999999999996e-05,0.46299999999999997,0.0,2,0.141,4.374,1,0.152,130.04399999999998,4,0.20199999999999999
17,0.00224,0.40700000000000003,0.0251,7,0.0556,8.369,0,0.0826,155.069,4,0.662
18,2.08e-05,0.278,0.0527,10,0.6709999999999999,4.151,0,0.193,152.635,4,0.187
19,0.000799,0.358,0.00503,11,0.22,7.843,0,0.0693,130.733,4,0.5329999999999999
20,3.18e-06,0.42200000000000004,0.44799999999999995,4,0.0711,4.506,0,0.0392,105.04,3,0.19
21,0.0102,0.474,0.10400000000000001,0,0.36200000000000004,5.909,1,0.272,97.691,4,0.433
22,0.00595,0.578,0.264,4,0.132,3.215,1,0.0447,123.976,4,0.517
23,0.00023999999999999998,0.643,0.00185,2,0.0348,5.138999999999999,1,0.0735,130.004,4,0.614
24,0.0008269999999999999,0.512,0.000144,0,0.237,5.912000000000001,1,0.0313,130.037,4,0.531
25,0.00689,0.439,0.0,1,0.298,4.405,1,0.0806,171.889,4,0.628
26,0.0026100000000000003,0.532,0.000519,11,0.228,4.698,0,0.071,85.99,4,0.8079999999999999
27,0.000136,0.457,3.12e-06,6,0.0896,5.1739999999999995,1,0.0339,154.03799999999998,4,0.7040000000000001
28,0.0035299999999999997,0.5589999999999999,0.000225,8,0.6609999999999999,2.779,1,0.0303,97.98200000000001,4,0.248
29,0.0009570000000000001,0.552,0.0,8,0.0681,2.7439999999999998,1,0.04,125.902,4,0.45
30,0.00227,0.534,1.04e-06,7,0.569,4.176,1,0.0482,96.01700000000001,4,0.606
31,0.0234,0.37799999999999995,0.00062,9,0.18,3.781,1,0.185,108.525,4,0.584
32,0.0133,0.639,0.0,1,0.11800000000000001,7.445,1,0.0275,119.98899999999999,4,0.37799999999999995
33,0.0113,0.371,2.7000000000000002e-05,9,0.43,5.5329999999999995,1,0.0784,109.675,4,0.508
34,7.170000000000001e-05,0.40700000000000003,2.6899999999999997e-05,5,0.12,5.922999999999999,0,0.0798,165.028,5,0.29100000000000004
35,0.00264,0.48100000000000004,0.0,1,0.135,5.468,1,0.0813,157.059,4,0.42700000000000005
36,5.8299999999999994e-05,0.465,0.0,4,0.16,5.058,0,0.0523,85.947,4,0.379
37,2.4100000000000003e-05,0.461,0.127,2,0.106,4.359,1,0.0328,84.001,4,0.589
38,0.10400000000000001,0.365,6.579999999999999e-05,9,0.15,5.922000000000001,0,0.105,171.597,4,0.5770000000000001
39,6.06e-06,0.42,0.0156,8,0.373,6.626,1,0.052000000000000005,137.958,4,0.5329999999999999
40,0.000958,0.318,8.98e-05,0,0.368,4.147,1,0.27899999999999997,187.773,4,0.32299999999999995
41,9.6e-05,0.603,1.32e-05,4,0.191,5.437,0,0.0721,119.948,4,0.337
42,4.28e-05,0.29,9.97e-05,10,0.0822,2.4019999999999997,0,0.0586,184.05200000000002,4,0.588
43,4.6299999999999994e-05,0.419,1.4300000000000002e-05,7,0.171,3.622,1,0.0909,180.033,4,0.677
44,0.00456,0.513,2.48e-05,10,0.245,5.016,1,0.172,168.062,4,0.665
45,0.28300000000000003,0.593,0.0,7,0.20800000000000002,6.593,0,0.0301,121.96,4,0.25
46,9.779999999999999e-05,0.156,0.5539999999999999,3,0.0793,5.5,0,0.0664,186.16400000000002,3,0.5710000000000001
47,0.000136,0.4,0.853,1,0.155,3.966,0,0.0634,161.591,4,0.611
48,0.000359,0.302,3.82e-06,2,0.12,6.629,1,0.185,174.734,4,0.57
49,0.00035299999999999996,0.42,0.0007469999999999999,7,0.122,3.8989999999999996,0,0.121,127.204,4,0.3
50,0.161,0.35700000000000004,2.17e-05,2,0.322,4.271,1,0.0487,175.9,4,0.738
51,0.0133,0.639,0.0,1,0.11800000000000001,7.445,1,0.0275,119.98899999999999,4,0.37799999999999995
52,0.000735,0.495,0.000356,0,0.192,5.3020000000000005,1,0.0328,130.04,4,0.457
53,0.0012900000000000001,0.462,0.00203,10,0.314,3.304,1,0.131,165.112,4,0.498
54,0.00464,0.638,0.00988,1,0.0565,4.397,1,0.0279,88.006,4,0.579
55,0.264,0.863,0.00619,7,0.0713,7.295,1,0.105,115.958,4,0.8290000000000001
56,0.002,0.546,0.17300000000000001,6,0.115,7.317,0,0.0348,128.017,4,0.235
57,0.0557,0.534,2.16e-06,11,0.0992,5.4110000000000005,0,0.0389,141.915,4,0.397
58,0.00298,0.583,0.00101,0,0.121,3.2960000000000003,1,0.0318,99.988,4,0.2
59,0.000799,0.358,0.00503,11,0.22,7.843,0,0.0693,130.733,4,0.5329999999999999
60,0.0431,0.624,0.00424,9,0.0877,9.12,0,0.034,120.045,4,0.28300000000000003
61,0.0102,0.474,0.10400000000000001,0,0.36200000000000004,5.909,1,0.272,97.691,4,0.433
62,0.0477,0.36700000000000005,0.00124,4,0.235,5.956,0,0.175,106.329,3,0.239
63,0.0568,0.603,0.0011300000000000001,0,0.122,4.159,0,0.0462,105.021,4,0.809
64,0.00556,0.653,0.0788,1,0.27699999999999997,2.7089999999999996,0,0.0583,110.01899999999999,4,0.688
65,0.0045899999999999995,0.564,0.0,9,0.11,3.858,0,0.0332,128.88,4,0.242
66,0.0122,0.474,7.35e-06,7,0.11199999999999999,7.5329999999999995,1,0.0292,139.827,3,0.10400000000000001
67,0.17800000000000002,0.541,0.0,1,0.0956,5.544,0,0.0295,146.037,4,0.541
68,0.282,0.6509999999999999,0.0,5,0.0862,6.774,1,0.0275,93.006,4,0.805
69,0.0113,0.371,2.7000000000000002e-05,9,0.43,5.5329999999999995,1,0.0784,109.675,4,0.508
70,0.00257,0.447,1.6800000000000002e-05,2,0.0744,4.994,0,0.0464,80.04,4,0.505
71,0.00175,0.542,0.0136,11,0.06,3.91,0,0.0536,126.037,4,0.785
72,0.00527,0.5770000000000001,0.0,8,0.257,5.224,1,0.0492,115.022,4,0.564
73,0.0269,0.473,0.0,0,0.10400000000000001,6.002000000000001,0,0.0929,139.477,4,0.361
74,0.018000000000000002,0.608,0.0,11,0.273,5.459,0,0.0266,87.465,4,0.5529999999999999
75,0.00213,0.669,5.5e-05,8,0.128,4.562,0,0.0269,128.004,4,0.523
76,0.00298,0.637,8.900000000000001e-06,11,0.519,6.122000000000001,0,0.0358,107.985,4,0.37
77,0.0561,0.518,0.0,9,0.0569,5.472,0,0.0664,134.093,4,0.299
78,0.000252,0.575,0.6759999999999999,1,0.35100000000000003,5.847,0,0.0362,113.075,4,0.5870000000000001
79,4.99e-06,0.429,0.649,1,0.619,4.001,1,0.0413,136.968,4,0.733
80,0.24600000000000002,0.44799999999999995,1.66e-05,10,0.102,8.485,1,0.0471,164.233,4,0.122
81,0.00011899999999999999,0.49200000000000005,0.0,8,0.0934,7.041,1,0.0363,139.98,4,0.395
82,0.0011099999999999999,0.65,0.000129,11,0.33399999999999996,4.821000000000001,1,0.0483,124.01299999999999,4,0.88
83,0.0234,0.37799999999999995,0.00062,9,0.18,3.781,1,0.185,108.525,4,0.584
84,0.904,0.593,0.0,8,0.0897,11.062999999999999,1,0.0311,83.96600000000001,4,0.17
85,0.00187,0.461,1.34e-06,6,0.0942,4.8069999999999995,0,0.0901,137.35,4,0.35
86,0.000343,0.564,0.0307,9,0.0843,5.098,1,0.0471,157.918,4,0.743
87,0.000101,0.418,0.000433,0,0.34600000000000003,3.675,1,0.0584,99.17,4,0.473
88,6.709999999999999e-05,0.386,0.0,2,0.146,5.874,0,0.0974,77.119,4,0.33899999999999997
89,0.000106,0.444,1.55e-05,11,0.0366,2.4330000000000003,1,0.0464,188.03599999999997,4,0.74
90,0.00249,0.531,0.0788,0,0.0515,3.822,1,0.187,170.01,4,0.529
91,0.11699999999999999,0.638,0.000384,6,0.6890000000000001,4.976,0,0.0292,97.021,4,0.657
92,0.0649,0.6459999999999999,0.0896,10,0.12,5.2,0,0.0582,138.004,4,0.77
93,0.0765,0.593,0.0,9,0.345,5.398,0,0.0375,78.507,4,0.324
94,8.83e-05,0.591,3.47e-06,0,0.13,3.884,1,0.0502,120.001,4,0.6729999999999999
95,0.0151,0.207,6.19e-05,0,0.6679999999999999,2.349,1,0.0942,159.085,4,0.316
96,0.0484,0.5529999999999999,0.0,2,0.0563,4.327,1,0.0363,104.932,4,0.386
97,0.0015,0.5870000000000001,0.0,5,0.0862,7.817,1,0.0347,89.95200000000001,4,0.364
98,0.000283,0.6409999999999999,0.000723,1,0.28800000000000003,4.302,1,0.027999999999999997,99.012,4,0.738
99,0.0964,0.728,6.94e-06,5,0.0695,5.766,1,0.0318,127.995,4,0.489
0,0.268,0.841,0.0,5,0.118,5.818,0,0.0508,132.026,4,0.479
1,0.805,0.678,0.0,11,0.07,7.691,0,0.0408,123.742,4,0.679
2,0.622,0.716,0.0,1,0.427,8.52,1,0.382,95.1,4,0.378
3,0.108,0.815,0.0,6,0.0968,5.539,0,0.105,128.999,4,0.465
4,0.0504,0.713,0.0,10,0.26,12.733,0,0.589,83.735,4,0.516
5,0.218,0.782,0.0,7,0.168,9.762,1,0.081,94.996,4,0.653
6,0.168,0.588,0.0,8,0.184,8.084,1,0.226,76.892,4,0.824
7,0.0616,0.509,0.0,2,0.107,12.545,1,0.393,78.43,4,0.274
8,0.181,0.702,0.0,1,0.0959,4.131,1,0.204,77.602,4,0.346
9,0.163,0.853,0.0,2,0.0849,8.885,1,0.147,127.039,4,0.29
10,0.473,0.681,3.3e-05,7,0.162,8.104,1,0.0302,99.98,4,0.0775
11,0.424,0.689,0.0,4,0.117,5.996,0,0.0693,138.076,4,0.48
12,0.426,0.931,0.000856,0,0.0879,9.477,1,0.275,103.98,4,0.289
13,0.13,0.76,0.0,1,0.134,6.683,1,0.151,131.983,4,0.276
14,0.111,0.771,2.03e-06,9,0.318,6.543,0,0.0482,135.012,4,0.823
15,0.103,0.736,0.000294,1,0.169,12.698,1,0.248,91.93,4,0.663
16,0.273,0.86,7.15e-06,1,0.114,8.592,0,0.411,130.05,4,0.694
17,0.0373,0.757,0.0,6,0.141,4.479,1,0.112,98.042,4,0.521
18,0.245,0.739,0.0,1,0.0921,11.388,1,0.32,135.03,4,0.386
19,0.0687,0.835,0.0,7,0.0994,7.43,1,0.467,79.081,4,0.805
20,0.0733,0.731,0.0,1,0.345,9.588,0,0.155,85.135,4,0.823
21,0.0944,0.797,6.91e-06,10,0.38,4.704,1,0.157,124.939,4,0.21
22,0.838,0.803,0.0,0,0.572,13.111,1,0.202,133.956,4,0.288
23,0.184,0.683,0.0,1,0.0968,6.64,1,0.0823,81.05,4,0.71
24,0.229,0.506,0.0,7,0.183,6.827,0,0.3,114.982,4,0.597
25,0.176,0.631,0.0,10,0.326,4.143,0,0.405,187.735,4,0.79
26,0.252,0.667,1.31e-06,1,0.0835,7.658,0,0.227,88.981,4,0.491
27,0.579,0.884,0.0,2,0.0745,9.046,0,0.349,136.882,4,0.799
28,0.307,0.906,0.000538,11,0.213,10.403,1,0.0573,130.032,4,0.523
29,0.841,0.555,0.0,7,0.106,11.026,1,0.222,186.581,4,0.705
30,0.288,0.762,0.0,1,0.123,6.635,0,0.429,83.015,4,0.694
31,0.211,0.606,0.0,5,0.125,10.524,0,0.427,120.121,4,0.23
32,0.258,0.764,0.0,4,0.11,6.121,0,0.518,92.659,4,0.73
33,0.114,0.726,0.0,2,0.163,7.516,0,0.17,130.174,4,0.403
34,0.235,0.766,0.0,9,0.0958,5.411,0,0.315,125.009,4,0.379
35,0.222,0.69,4.39e-06,8,0.116,7.22,1,0.251,150.028,4,0.752
36,0.155,0.838,0.0,6,0.0881,5.285,0,0.44,89.898,4,0.611
37,0.00643,0.533,0.0,1,0.152,7.535,1,0.296,175.982,4,0.468
38,0.435,0.762,4.17e-05,4,0.107,5.757,0,0.125,109.979,4,0.18
39,0.0504,0.94,0.0,9,0.172,7.941,0,0.35,120.045,4,0.397
40,0.224,0.83,0.0,4,0.303,5.91,0,0.414,88.116,4,0.694
41,0.601,0.813,0.0,1,0.0971,8.901,1,0.0835,111.995,4,0.179
42,0.0957,0.729,0.0,6,0.134,7.819,0,0.291,148.18,4,0.489
43,0.351,0.472,0.0,6,0.0888,10.326,1,0.259,169.771,4,0.226
44,0.605,0.804,0.0,1,0.097,8.938,1,0.108,112.006,4,0.177
45,0.165,0.676,0.0,1,0.113,4.141,0,0.275,173.96,4,0.483
46,0.517,0.73,0.0,3,0.241,6.959,0,0.352,90.011,4,0.593
47,0.0851,0.943,0.0,11,0.141,5.37,1,0.18,130.039,4,0.869
48,0.00166,0.74,0.000171,7,0.395,4.265,1,0.0556,150.0,4,0.423
49,0.177,0.628,0.0,10,0.095,6.741,0,0.216,87.986,4,0.668
0,0.39,0.754,0.000433,7,0.105,8.515,0,0.0397,121.005,4,0.357
1,0.215,0.701,0.0,2,0.188,7.719,1,0.279,129.72,4,0.485
2,0.171,0.585,0.0,6,0.15,10.648,0,0.75,79.938,4,0.627
3,0.0504,0.713,0.0,10,0.26,12.733,0,0.589,83.735,4,0.516
4,0.152,0.638,0.0,8,0.14,9.402,0,0.255,89.935,4,0.412
5,0.261,0.793,0.0,11,0.643,7.465,0,0.301,123.022,4,0.647
6,0.129,0.827,2.82e-06,9,0.0936,9.111,0,0.0579,127.976,4,0.343
7,0.24,0.678,0.0,8,0.107,7.628,1,0.0572,93.489,4,0.22
8,0.00953,0.724,2.81e-06,2,0.0986,11.502,1,0.241,143.971,4,0.406
9,0.308,0.66,0.0413,0,0.0765,10.303,1,0.304,174.086,4,0.475
10,0.727,0.924,0.0,7,0.105,10.204,1,0.0687,137.935,4,0.582
11,0.0583,0.549,0.0,1,0.104,5.057,0,0.318,97.241,4,0.547
12,0.111,0.771,2.03e-06,9,0.318,6.543,0,0.0482,135.012,4,0.823
13,0.0615,0.734,0.0,8,0.109,16.082,1,0.295,172.09,4,0.856
14,0.796,0.753,1.71e-05,10,0.147,8.161,1,0.042,100.043,4,0.577
15,0.0619,0.869,0.0,10,0.219,5.619,0,0.363,89.028,4,0.571
16,0.239,0.618,0.0,2,0.115,6.731,1,0.421,87.158,4,0.451
17,0.103,0.736,0.000294,1,0.169,12.698,1,0.248,91.93,4,0.663
18,0.404,0.767,0.0,4,0.248,5.611,0,0.329,91.026,4,0.529
19,0.695,0.76,0.0,0,0.122,8.131,0,0.327,136.017,4,0.299
20,0.584,0.774,0.0,6,0.117,14.176,0,0.332,100.044,4,0.277
21,0.625,0.694,0.000462,0,0.101,8.43,0,0.0742,134.217,4,0.298
22,0.529,0.883,5.77e-05,9,0.0835,13.372,0,0.177,119.993,4,0.404
23,0.344,0.799,0.0,1,0.159,7.375,1,0.0765,108.985,4,0.276
24,0.0838,0.555,0.0,0,0.309,8.434,1,0.0426,166.088,4,0.352
25,0.624,0.685,1.08e-06,1,0.0947,9.553,0,0.147,119.841,4,0.384
26,0.0148,0.725,0.0,5,0.426,9.12,0,0.0513,120.014,4,0.684
27,0.308,0.632,0.0,5,0.087,3.871,0,0.0954,92.035,4,0.567
28,0.321,0.716,0.0,0,0.367,8.419,0,0.0928,134.099,4,0.344
29,0.244,0.642,0.0,10,0.255,4.993,1,0.158,150.099,4,0.748
30,0.581,0.605,0.0,4,0.101,6.3,1,0.325,100.991,4,0.821
31,0.0255,0.726,0.0,1,0.315,6.282,1,0.297,122.04,4,0.498
32,0.243,0.745,8.82e-05,5,0.132,9.238,0,0.0504,124.995,4,0.671
33,0.00519,0.556,5.17e-06,4,0.0586,9.023,0,0.265,189.831,4,0.337
34,0.453,0.658,0.0,9,0.0985,10.633,0,0.281,72.018,4,0.572
35,0.811,0.514,4.65e-05,6,0.0772,8.781,1,0.0713,94.899,4,0.878
36,0.173,0.759,4.59e-06,1,0.186,7.15,1,0.397,183.982,4,0.179
37,0.46,0.83,0.0,11,0.338,6.777,0,0.0949,120.99,4,0.509
38,0.465,0.689,0.0,9,0.0928,6.731,0,0.438,129.967,4,0.669
39,0.562,0.691,0.0,0,0.108,10.095,0,0.0588,108.033,4,0.231
40,0.0223,0.848,0.0,8,0.127,5.168,1,0.236,159.997,4,0.408
41,0.363,0.598,0.0,9,0.102,9.26,0,0.125,85.997,4,0.653
42,0.0501,0.743,0.0,2,0.186,7.244,1,0.0941,120.006,4,0.348
43,0.172,0.429,0.000162,1,0.707,9.735,1,0.12,130.898,4,0.231
44,0.165,0.775,0.00756,2,0.0835,7.853,0,0.0516,99.993,4,0.335
45,0.0519,0.618,0.0,1,0.353,3.877,1,0.127,88.971,4,0.362
46,0.526,0.627,0.0,8,0.308,5.997,1,0.06,177.75,4,0.664
47,0.21,0.596,0.0,5,0.111,6.212,0,0.204,99.877,4,0.39
48,0.83,0.735,0.000485,6,0.118,6.9,1,0.0482,105.019,4,0.758
49,0.334,0.77,0.0,5,0.0794,5.922,1,0.315,84.925,4,0.554
0,0.0123,0.64,0.0,0,0.0818,6.718,1,0.0277,108.017,4,0.24
1,0.0789,0.721,0.0,1,0.0824,4.741,1,0.119,79.943,4,0.552
2,0.303,0.658,0.0,1,0.361,4.407,1,0.058,97.976,4,0.662
3,0.228,0.599,0.0,0,0.554,2.731,1,0.0435,156.016,4,0.931
4,0.0916,0.448,0.905,2,0.138,7.31,1,0.0583,129.971,4,0.0658
5,0.0206,0.74,0.904,2,0.604,6.236,1,0.0395,126.993,4,0.176
6,0.00174,0.556,0.916,2,0.262,6.246,1,0.0435,120.986,4,0.0693
7,0.0128,0.659,0.794,1,0.148,3.071,1,0.0504,128.019,4,0.487
8,0.156,0.828,0.000918,6,0.11,9.789,1,0.0778,124.031,4,0.63
9,0.177,0.723,0.00825,8,0.121,3.586,0,0.123,124.031,4,0.908
10,0.00363,0.764,0.0119,7,0.211,7.844,1,0.0386,121.014,4,0.41
11,0.0308,0.518,0.0,8,0.116,6.327,1,0.0839,121.884,4,0.334
12,0.302,0.759,0.842,0,0.0998,7.85,0,0.0373,128.189,4,0.47
13,0.117,0.817,1.07e-05,6,0.0413,4.744,0,0.117,102.0,4,0.622
14,0.213,0.575,0.0642,6,0.106,8.097,1,0.0735,119.909,4,0.247
15,0.0122,0.621,0.327,6,0.0808,6.232,0,0.0566,126.073,4,0.227
16,0.00301,0.675,0.0413,0,0.126,6.966,0,0.0629,126.023,4,0.271
17,0.00518,0.718,0.477,1,0.114,5.041,1,0.0386,125.004,4,0.354
18,0.0079,0.653,0.0,10,0.318,3.36,1,0.0566,126.047,4,0.0921
19,0.234,0.761,0.237,8,0.0573,5.502,1,0.0505,104.992,4,0.58
20,0.00836,0.572,0.0199,6,0.0961,3.639,0,0.197,154.008,4,0.214
21,0.000408,0.381,0.589,5,0.183,6.9,1,0.0355,127.967,4,0.0378
22,0.00382,0.592,0.0,11,0.298,5.055,0,0.0358,123.958,4,0.577
23,0.0418,0.65,0.00396,1,0.188,2.444,0,0.0439,127.982,4,0.732
24,0.00778,0.898,3.63e-05,11,0.217,2.744,1,0.291,150.016,4,0.884
25,0.265,0.686,0.000186,2,0.415,6.035,1,0.046,121.996,4,0.474
26,0.113,0.647,0.00703,4,0.146,5.874,1,0.0256,124.982,4,0.277
27,0.00393,0.63,0.829,9,0.145,9.675,0,0.0256,127.013,4,0.119
28,0.525,0.735,0.000431,3,0.381,4.797,0,0.0905,99.954,4,0.612
29,0.152,0.677,0.0,5,0.0911,5.763,1,0.0809,99.137,4,0.419
30,0.00271,0.652,9.77e-06,11,0.183,3.837,0,0.0377,124.029,4,0.886
31,0.00347,0.77,0.000519,7,0.188,5.151,1,0.0408,122.008,4,0.522
32,0.00226,0.573,0.000326,8,0.0748,7.119,1,0.0656,123.955,4,0.226
33,0.635,0.699,0.00142,7,0.383,3.413,0,0.0525,129.018,4,0.234
34,0.178,0.376,0.0,7,0.0815,2.951,1,0.046,84.146,4,0.167
35,0.149,0.51,6.46e-05,5,0.116,3.857,0,0.04,127.979,4,0.129
36,0.0448,0.522,0.00488,4,0.307,3.738,0,0.0465,124.968,4,0.308
37,0.0194,0.699,0.000431,7,0.0506,5.601,0,0.125,125.946,4,0.369
38,0.255,0.718,1.88e-05,5,0.208,4.593,0,0.0361,139.99,4,0.356
39,0.0138,0.581,0.0,5,0.525,4.739,0,0.093,179.959,4,0.47
40,0.0152,0.557,0.00156,4,0.108,4.848,0,0.0479,172.048,4,0.359
41,0.354,0.733,0.951,2,0.134,6.291,0,0.0423,125.027,4,0.349
42,0.117,0.668,0.81,7,0.153,4.802,0,0.0397,123.012,4,0.341
43,0.00646,0.617,2.11e-05,10,0.501,2.748,0,0.205,127.986,4,0.293
44,0.435,0.697,0.832,3,0.105,10.216,0,0.0279,125.019,4,0.584
45,0.256,0.52,4.96e-06,4,0.17,3.093,1,0.0853,141.971,4,0.286
46,0.0166,0.527,0.0,11,0.0493,4.102,1,0.0509,96.962,4,0.49
47,0.00179,0.652,0.0,2,0.0404,4.832,1,0.0441,134.009,4,0.279
48,0.0323,0.645,0.0,5,0.29,4.989,0,0.0339,123.07,4,0.534
49,0.00217,0.672,0.000926,11,0.169,5.648,0,0.0322,124.026,4,0.0898
0,9.29e-05,0.804,0.0511,1,0.256,6.155,1,0.0803,129.977,4,0.782
1,0.265,0.686,0.000186,2,0.415,6.035,1,0.046,121.996,4,0.474
2,0.00285,0.722,8.3e-05,9,0.347,3.948,1,0.0443,124.009,4,0.561
3,0.00382,0.592,0.0,11,0.298,5.055,0,0.0358,123.958,4,0.577
4,0.00591,0.711,0.596,9,0.954,6.983,1,0.0413,126.063,4,0.552
5,0.113,0.647,0.00703,4,0.146,5.874,1,0.0256,124.982,4,0.277
6,0.472,0.685,1.67e-06,4,0.0817,4.122,0,0.0452,90.004,4,0.224
7,0.193,0.805,0.00299,9,0.584,7.137,1,0.0451,122.99,4,0.661
8,0.0172,0.594,1.39e-05,7,0.697,5.554,0,0.0406,120.035,4,0.234
9,0.0868,0.808,0.0638,2,0.0613,5.753,0,0.173,123.954,3,0.266
10,0.0274,0.754,0.000238,6,0.286,5.684,0,0.0485,122.998,4,0.352
11,0.0688,0.772,0.000693,6,0.0409,3.944,0,0.0303,122.022,4,0.256
12,0.0561,0.711,0.0246,11,0.278,4.941,0,0.0302,122.026,4,0.268
13,0.00271,0.652,9.77e-06,11,0.183,3.837,0,0.0377,124.029,4,0.886
14,0.0933,0.89,0.047,10,0.112,4.98,0,0.0749,101.978,4,0.26
15,0.407,0.556,5.9e-06,10,0.19,4.905,1,0.135,89.861,4,0.377
16,0.0141,0.783,0.857,7,0.274,5.705,1,0.126,123.07,4,0.413
17,0.0402,0.828,0.00163,10,0.457,5.25,0,0.0515,121.972,4,0.643
18,0.0182,0.858,4.24e-06,0,0.261,4.916,0,0.0541,123.986,4,0.767
19,0.032,0.853,0.777,6,0.0667,7.243,0,0.0492,119.974,4,0.36
20,0.00893,0.666,0.000173,2,0.131,6.46,0,0.0419,124.013,4,0.491
21,0.142,0.814,0.00418,11,0.0586,5.615,0,0.0426,126.003,4,0.615
22,0.00262,0.636,0.0311,11,0.14,5.943,0,0.0543,123.942,4,0.22
23,0.0353,0.709,0.0603,5,0.13,5.783,1,0.0545,124.144,4,0.131
24,0.214,0.681,0.00489,8,0.13,6.079,0,0.0473,130.088,4,0.125
25,0.0166,0.527,0.0,11,0.0493,4.102,1,0.0509,96.962,4,0.49
26,0.668,0.574,0.00279,0,0.137,7.787,1,0.0342,114.997,4,0.485
27,0.0199,0.687,0.00266,3,0.207,5.3,1,0.037,121.029,4,0.632
28,0.0177,0.781,0.000412,8,0.361,4.558,1,0.158,124.015,4,0.145
29,0.0079,0.74,0.0299,2,0.326,6.812,0,0.0359,120.992,4,0.137
30,0.00217,0.672,0.000926,11,0.169,5.648,0,0.0322,124.026,4,0.0898
31,0.19,0.574,0.0,11,0.0767,5.828,0,0.0332,99.93,4,0.305
32,0.00126,0.731,5.98e-05,7,0.396,5.307,1,0.0965,123.024,4,0.436
33,0.508,0.839,0.0186,2,0.122,7.468,0,0.0419,124.013,4,0.46
34,0.131,0.651,0.0,5,0.0901,3.679,1,0.0583,115.059,4,0.326
35,0.392,0.833,0.000758,8,0.0809,5.496,0,0.034,121.999,4,0.888
36,0.00497,0.802,0.00222,0,0.264,6.553,0,0.0441,122.0,4,0.265
37,0.101,0.575,0.00799,9,0.123,7.103,1,0.0341,104.982,4,0.0375
38,0.00765,0.796,0.000393,2,0.0691,5.744,1,0.171,125.98,4,0.508
39,0.0432,0.746,0.0,9,0.12,5.57,0,0.0957,123.938,4,0.641
40,0.00267,0.691,2.65e-05,0,0.0757,4.675,1,0.0371,124.024,3,0.421
41,0.047,0.691,0.902,10,0.0744,7.538,0,0.047,119.999,4,0.0551
42,0.141,0.764,0.00379,5,0.121,7.629,0,0.0881,125.994,4,0.323
43,0.033,0.602,9.27e-06,9,0.102,5.194,1,0.0667,160.098,4,0.331
44,0.00664,0.666,0.0,7,0.0741,3.972,1,0.0363,118.031,4,0.633
45,0.156,0.789,0.000744,9,0.0854,6.278,0,0.0352,124.009,4,0.569
46,0.156,0.508,5.32e-05,0,0.764,3.704,0,0.0565,135.449,4,0.3
47,0.00607,0.677,0.00105,2,0.564,7.633,1,0.04,122.003,4,0.353
48,0.00756,0.912,0.0148,2,0.0792,5.005,1,0.0672,123.033,4,0.29
49,0.00933,0.806,0.0276,2,0.232,5.351,1,0.0442,122.036,4,0.514
0,0.189,0.814,0.0,3,0.0876,0.02,0,0.0359,130.099,4,0.706
1,0.0133,0.532,2.91e-06,11,0.226,6.499,0,0.117,76.792,5,0.249
2,0.354,0.674,0.0,7,0.115,4.63,1,0.287,163.896,4,0.874
3,0.0711,0.599,0.0,4,0.0816,2.578,1,0.0641,87.838,5,0.725
4,0.812,0.685,0.0019,11,0.21,3.536,0,0.149,122.599,4,0.389
5,0.214,0.923,0.0,0,0.165,2.817,1,0.179,129.944,4,0.585
6,0.126,0.687,0.00839,10,0.0906,3.013,0,0.0983,179.991,4,0.706
7,0.826,0.957,0.0205,10,0.179,5.353,0,0.0856,132.01,4,0.556
8,0.327,0.751,3.54e-05,4,0.18,4.703,0,0.0497,95.054,4,0.797
9,0.488,0.675,0.0,1,0.073,5.197,0,0.0792,129.979,4,0.817
10,0.00579,0.855,0.0,6,0.101,5.303,1,0.345,160.088,4,0.699
11,0.468,0.91,7.63e-05,11,0.055,2.294,0,0.0565,95.008,4,0.793
12,0.0506,0.606,0.0,1,0.0938,2.431,0,0.53,172.335,5,0.614
13,0.177,0.895,0.000196,1,0.0706,1.214,1,0.0645,129.969,4,0.782
14,0.0676,0.714,0.0,1,0.376,6.804,1,0.508,130.026,4,0.695
15,0.141,0.625,0.0,11,0.301,4.36,1,0.174,129.844,4,0.789
16,0.176,0.853,0.0,11,0.0654,3.075,1,0.123,99.71,4,0.751
17,0.291,0.636,0.000637,5,0.176,2.504,0,0.245,86.76,3,0.643
18,0.104,0.766,0.0,6,0.0796,2.887,1,0.127,89.988,4,0.367
19,0.0192,0.918,3.36e-06,0,0.0637,0.04,0,0.0812,132.076,4,0.839
20,0.0116,0.965,0.000518,9,0.0568,1.151,0,0.0666,133.095,4,0.923
21,0.0799,0.931,2.6e-05,2,0.101,3.39,1,0.0701,129.933,4,0.0966
22,0.396,0.639,0.0051,0,0.236,6.48,1,0.332,86.534,5,0.655
23,0.127,0.879,0.0,7,0.0656,2.122,1,0.143,160.047,4,0.848
24,0.0505,0.835,0.0,2,0.213,4.239,1,0.0433,129.899,4,0.571
0,0.189,0.814,0.0,3,0.0876,0.02,0,0.0359,130.099,4,0.706
1,0.0255,0.553,0.000101,8,0.125,0.355,1,0.0673,86.559,5,0.608
2,0.318,0.876,0.0,11,0.101,2.548,1,0.193,86.588,3,0.75
3,0.812,0.685,0.0019,11,0.21,3.536,0,0.149,122.599,4,0.389
4,0.488,0.675,0.0,1,0.073,5.197,0,0.0792,129.979,4,0.817
5,0.112,0.909,0.0,11,0.0409,4.541,1,0.0874,129.839,4,0.664
6,0.127,0.879,0.0,7,0.0656,2.122,1,0.143,160.047,4,0.848
7,0.0452,0.909,2.07e-06,11,0.121,5.138,0,0.0506,132.037,4,0.943
8,0.223,0.811,0.0,11,0.196,5.209,0,0.0553,128.031,4,0.44
9,0.483,0.674,0.0,8,0.161,0.111,1,0.131,129.867,4,0.633
10,0.00653,0.879,9.03e-06,1,0.143,3.194,1,0.181,160.018,4,0.802
11,0.581,0.65,1.98e-06,6,0.12,1.934,0,0.155,117.404,4,0.79
12,0.126,0.687,0.00839,10,0.0906,3.013,0,0.0983,179.991,4,0.706
13,0.23,0.931,0.0218,4,0.352,6.453,0,0.0579,117.964,4,0.798
14,0.238,0.715,0.0,4,0.0941,3.373,1,0.12,171.887,4,0.888
15,0.0614,0.924,0.000632,8,0.127,0.228,1,0.285,132.958,4,0.708
16,0.0558,0.939,0.0,1,0.0546,1.99,1,0.216,129.946,4,0.627
17,0.65,0.953,0.0,10,0.0607,5.818,0,0.0746,131.991,4,0.62
18,0.564,0.656,0.00583,7,0.0733,0.111,0,0.131,132.956,4,0.838
19,0.0799,0.931,2.6e-05,2,0.101,3.39,1,0.0701,129.933,4,0.0966
20,0.0536,0.902,0.0,6,0.165,4.255,0,0.0752,129.913,4,0.432
21,0.0203,0.891,1.82e-06,11,0.307,6.41,0,0.071,132.033,4,0.582
22,0.0641,0.787,0.0,11,0.333,6.335,0,0.475,129.674,4,0.489
23,0.0604,0.949,0.0,5,0.0744,5.215,1,0.317,129.988,4,0.584
24,0.202,0.669,0.0,4,0.346,9.021,0,0.414,128.179,4,0.753
25,0.0439,0.807,0.0,7,0.292,3.42,1,0.203,89.958,4,0.686
26,0.00969,0.887,0.00422,4,0.0762,2.874,1,0.252,130.057,4,0.455
27,0.214,0.923,0.0,0,0.165,2.817,1,0.179,129.944,4,0.585
28,0.177,0.602,0.0,5,0.119,6.188,1,0.118,114.355,1,0.855
29,0.0254,0.71,0.0,0,0.624,7.012,1,0.178,127.867,4,0.501
30,0.253,0.504,0.0,3,0.155,2.917,0,0.276,179.877,4,0.801
31,0.327,0.751,3.54e-05,4,0.18,4.703,0,0.0497,95.054,4,0.797
32,0.0659,0.761,0.0,1,0.103,7.617,1,0.0603,169.854,4,0.77
33,0.115,0.699,0.0,8,0.157,2.227,0,0.111,121.653,3,0.691
34,0.26,0.936,0.0,5,0.0765,2.978,0,0.048,130.069,4,0.666
35,0.164,0.852,0.00406,8,0.051,6.51,1,0.0606,86.651,5,0.972
36,0.0312,0.836,0.0,11,0.0623,3.257,1,0.161,86.629,5,0.388
37,0.055,0.804,2.26e-06,7,0.0873,7.905,1,0.0531,94.981,4,0.588
38,0.0813,0.879,0.0,9,0.0967,3.932,0,0.112,95.06,4,0.789
39,0.152,0.881,0.0,1,0.132,2.838,1,0.0886,130.11,4,0.259
40,0.354,0.674,0.0,7,0.115,4.63,1,0.287,163.896,4,0.874
41,0.431,0.644,0.0,7,0.0815,4.791,0,0.353,87.492,5,0.601
42,0.637,0.903,2.1e-06,10,0.0369,4.662,1,0.187,129.932,4,0.788
43,0.374,0.635,6.56e-06,7,0.111,1.407,1,0.377,86.446,5,0.504
44,0.00257,0.828,0.00394,10,0.0975,4.333,0,0.0369,130.023,4,0.473
45,0.202,0.944,0.0,6,0.0667,1.199,1,0.0697,130.012,4,0.915
46,0.0506,0.606,0.0,1,0.0938,2.431,0,0.53,172.335,5,0.614
47,0.141,0.625,0.0,11,0.301,4.36,1,0.174,129.844,4,0.789
48,0.192,0.796,0.0,7,0.113,4.2,1,0.208,87.759,5,0.572
49,0.609,0.94,0.0,3,0.523,0.852,1,0.276,129.997,4,0.595
0,0.0255,0.553,0.000101,8,0.125,0.355,1,0.0673,86.559,5,0.608
1,0.189,0.814,0.0,3,0.0876,0.02,0,0.0359,130.099,4,0.706
2,0.812,0.685,0.0019,11,0.21,3.536,0,0.149,122.599,4,0.389
3,0.34,0.791,0.0,0,0.0816,0.674,0,0.0834,86.65,5,0.694
4,0.354,0.674,0.0,7,0.115,4.63,1,0.287,163.896,4,0.874
5,0.127,0.879,0.0,7,0.0656,2.122,1,0.143,160.047,4,0.848
6,0.202,0.944,0.0,6,0.0667,1.199,1,0.0697,130.012,4,0.915
7,0.177,0.602,0.0,5,0.119,6.188,1,0.118,114.355,1,0.855
8,0.00579,0.855,0.0,6,0.101,5.303,1,0.345,160.088,4,0.699
9,0.131,0.936,0.0,9,0.142,2.799,1,0.0814,129.983,4,0.794
10,0.0215,0.944,0.0,7,0.0562,0.903,1,0.184,132.005,4,0.429
11,0.0984,0.878,0.0,7,0.34,2.649,1,0.244,130.008,4,0.654
12,0.564,0.656,0.00583,7,0.0733,0.111,0,0.131,132.956,4,0.838
13,0.0641,0.787,0.0,11,0.333,6.335,0,0.475,129.674,4,0.489
14,0.826,0.957,0.0205,10,0.179,5.353,0,0.0856,132.01,4,0.556
15,0.0116,0.965,0.000518,9,0.0568,1.151,0,0.0666,133.095,4,0.923
16,0.00257,0.828,0.00394,10,0.0975,4.333,0,0.0369,130.023,4,0.473
17,0.177,0.89,0.0,8,0.0563,3.004,0,0.0603,132.073,4,0.719
18,0.0284,0.752,0.0,11,0.579,3.39,1,0.643,86.555,5,0.339
19,0.0335,0.94,0.0,3,0.0689,6.702,0,0.115,132.066,4,0.491
20,0.0372,0.911,0.000881,1,0.168,3.689,0,0.0654,130.158,4,0.644
21,0.0486,0.73,0.0,10,0.0659,1.802,0,0.358,129.991,4,0.757
22,0.172,0.83,0.000921,1,0.12,2.421,0,0.441,86.608,5,0.288
23,0.177,0.895,0.000196,1,0.0706,1.214,1,0.0645,129.969,4,0.782
24,0.0614,0.924,0.000632,8,0.127,0.228,1,0.285,132.958,4,0.708
0,0.505,0.698,0.0,0,0.265,4.179,1,0.0555,119.979,4,0.857
1,0.581,0.647,0.0,4,0.586,2.42,0,0.0605,112.917,4,0.612
2,0.255,0.598,0.0,7,0.965,3.383,1,0.0509,113.919,4,0.648
3,0.198,0.717,0.0,0,0.13,3.402,1,0.0344,118.97,4,0.703
4,0.245,0.74,0.0,1,0.205,3.414,0,0.0852,149.964,4,0.723
5,0.289,0.9,0.0,8,0.182,5.458,0,0.3,98.063,4,0.815
6,0.253,0.504,0.0,3,0.155,2.917,0,0.276,179.877,4,0.801
7,0.49,0.579,0.0,11,0.959,3.778,1,0.0437,95.961,4,0.561
8,0.407,0.779,0.0,11,0.267,4.439,1,0.0376,131.018,4,0.912
9,0.367,0.59,0.0,6,0.869,2.938,0,0.0985,149.974,4,0.794
10,0.235,0.5,0.0,7,0.972,3.438,1,0.0662,174.049,4,0.768
11,0.405,0.562,0.0,0,0.789,2.979,1,0.106,149.827,4,0.641
12,0.121,0.569,0.0,6,0.301,4.811,0,0.0381,164.074,4,0.532
13,0.315,0.541,0.0,2,0.132,4.961,1,0.036,132.338,4,0.661
14,0.133,0.656,0.0,1,0.954,2.346,0,0.17,164.933,4,0.742
15,0.2,0.786,0.0,11,0.159,2.374,0,0.0908,140.048,4,0.874
16,0.374,0.854,0.0,9,0.0697,5.818,0,0.069,98.023,4,0.887
17,0.419,0.701,0.0,4,0.945,2.974,0,0.0887,129.05,4,0.819
18,0.671,0.631,0.0,9,0.356,3.62,0,0.126,168.1,4,0.782
19,0.629,0.595,0.0,7,0.686,3.955,1,0.0419,132.987,4,0.673
20,0.533,0.405,0.0,10,0.0973,3.916,1,0.0668,160.982,4,0.527
21,0.118,0.483,0.0,8,0.953,3.794,1,0.0656,163.901,4,0.819
22,0.128,0.571,0.0,0,0.626,3.947,1,0.0936,158.067,4,0.686
23,0.731,0.442,4.58e-06,2,0.957,5.32,1,0.0471,158.977,4,0.532
24,0.165,0.579,0.0,9,0.662,3.669,1,0.0486,155.909,4,0.682
25,0.0907,0.717,0.0,1,0.34,3.501,1,0.145,127.023,4,0.649
26,0.0132,0.673,0.0,11,0.933,4.385,1,0.0493,145.952,4,0.88
27,0.125,0.549,0.0,8,0.36,2.706,1,0.0892,119.999,4,0.541
28,0.695,0.696,0.0,1,0.352,2.756,0,0.0487,112.225,4,0.671
29,0.661,0.78,0.0,10,0.24,4.395,1,0.0525,154.158,4,0.953
30,0.113,0.692,0.0,1,0.442,3.821,1,0.0485,92.117,4,0.831
31,0.494,0.606,0.0,11,0.351,3.694,1,0.0404,121.732,4,0.642
32,0.159,0.67,0.0,10,0.284,2.729,1,0.0293,133.012,4,0.964
33,0.299,0.688,0.0,0,0.0322,3.853,1,0.069,156.006,4,0.905
34,0.102,0.6,1.95e-05,1,0.74,8.98,1,0.106,180.004,4,0.625
35,0.37,0.625,7.39e-06,6,0.0742,6.415,0,0.411,180.002,4,0.93
36,0.289,0.531,0.0,7,0.975,2.859,1,0.0634,166.005,4,0.723
37,0.15,0.607,0.0,0,0.104,3.287,1,0.03,127.817,4,0.445
38,0.482,0.632,0.0,7,0.84,2.85,0,0.111,154.006,4,0.596
39,0.514,0.681,0.0,4,0.366,4.538,0,0.0988,180.077,4,0.908
40,0.187,0.676,0.0,1,0.923,4.505,1,0.0642,102.048,4,0.635
41,0.644,0.7,0.0,9,0.932,3.601,1,0.0339,109.009,4,0.269
42,0.341,0.702,0.0,0,0.0855,4.981,0,0.0756,174.049,4,0.898
43,0.813,0.684,0.0,7,0.283,5.578,1,0.0329,102.645,4,0.467
44,0.172,0.776,0.0,2,0.0891,4.18,0,0.0481,134.146,4,0.756
45,0.783,0.591,0.0,9,0.162,4.708,1,0.157,181.236,4,0.938
46,0.427,0.655,0.0,7,0.105,3.585,0,0.133,171.961,4,0.918
47,0.113,0.77,0.0,0,0.0314,3.382,1,0.0392,135.993,4,0.931
48,0.389,0.523,0.0,4,0.294,5.814,1,0.0678,179.9,4,0.629
49,0.715,0.502,0.0,3,0.175,6.222,1,0.0288,98.761,4,0.443
50,0.0526,0.419,0.0,3,0.0889,3.361,1,0.0494,157.898,4,0.267
51,0.162,0.563,0.0,2,0.342,2.327,1,0.0686,179.894,4,0.771
52,0.111,0.653,0.0,2,0.0925,3.972,1,0.0944,133.903,4,0.673
53,0.517,0.654,0.0,2,0.739,2.069,1,0.0326,145.939,4,0.717
54,0.422,0.539,0.0,11,0.865,2.953,0,0.115,182.141,4,0.803
55,0.292,0.757,0.0,6,0.415,1.629,0,0.0382,138.852,4,0.865
56,0.628,0.69,0.0,7,0.362,3.781,1,0.0319,110.928,4,0.518
57,0.382,0.587,1.61e-06,3,0.26,3.698,1,0.0324,159.849,4,0.661
58,0.366,0.779,0.0,5,0.113,7.283,1,0.0394,120.09,4,0.691
59,0.288,0.793,4.12e-06,6,0.954,5.143,0,0.149,146.948,4,0.806
60,0.0916,0.647,0.0,8,0.401,3.147,0,0.0636,133.966,4,0.848
61,0.319,0.543,0.0,1,0.981,4.154,1,0.163,170.115,4,0.565
62,0.465,0.48,0.0,9,0.0972,4.292,1,0.147,92.497,4,0.764
63,0.279,0.7,0.0,2,0.263,7.194,1,0.148,146.865,4,0.932
64,0.553,0.572,0.0,6,0.242,3.093,0,0.196,192.172,4,0.775
65,0.489,0.619,0.0,4,0.112,4.074,1,0.103,163.929,4,0.868
66,0.637,0.811,0.0,7,0.347,4.673,1,0.0643,140.045,4,0.803
67,0.154,0.554,0.0,7,0.959,4.114,1,0.179,170.088,4,0.867
68,0.641,0.545,0.0,9,0.513,5.467,1,0.194,176.044,4,0.709
69,0.492,0.568,0.0,11,0.355,5.07,1,0.296,195.98,4,0.727
70,0.12,0.704,0.0,11,0.954,3.349,0,0.0573,99.969,4,0.648
71,0.225,0.48,0.0,6,0.191,2.499,0,0.172,168.122,4,0.776
72,0.396,0.721,0.0,6,0.158,4.14,0,0.108,176.068,4,0.85
73,0.116,0.608,1.07e-06,0,0.585,1.799,1,0.0326,136.898,4,0.691
74,0.655,0.635,0.0,0,0.812,3.806,1,0.0498,132.915,4,0.454
75,0.203,0.661,0.0,0,0.363,2.142,1,0.0987,123.016,4,0.602
76,0.474,0.69,0.0,10,0.142,4.158,0,0.0732,159.058,4,0.815
77,0.176,0.619,0.0,8,0.272,2.424,1,0.148,169.974,4,0.802
78,0.802,0.565,0.0,7,0.254,7.16,1,0.0306,95.986,4,0.677
79,0.255,0.598,0.0,7,0.965,3.383,1,0.0509,113.919,4,0.648
0,0.432,0.828,0.0,11,0.118,6.728,1,0.036,127.974,4,0.831
1,0.406,0.476,0.0,11,0.931,5.826,1,0.227,192.186,4,0.766
2,0.619,0.564,0.0,5,0.72,5.012,0,0.0548,94.376,4,0.552
3,0.235,0.5,0.0,7,0.972,3.438,1,0.0662,174.049,4,0.768
4,0.321,0.665,0.0,8,0.433,3.532,1,0.0458,104.007,4,0.871
5,0.123,0.492,0.0,8,0.45,3.071,1,0.107,101.206,4,0.873
6,0.794,0.764,0.0,11,0.19,8.364,1,0.0552,136.911,4,0.646
7,0.602,0.471,0.000379,1,0.305,5.965,0,0.0762,156.021,4,0.763
8,0.414,0.493,0.0,3,0.235,5.304,1,0.0746,90.759,4,0.727
9,0.846,0.746,0.0,11,0.201,7.485,1,0.118,139.994,4,0.924
10,0.581,0.647,0.0,4,0.586,2.42,0,0.0605,112.917,4,0.612
11,0.0786,0.648,0.0,0,0.941,4.021,1,0.043,113.017,4,0.595
12,0.715,0.502,0.0,3,0.175,6.222,1,0.0288,98.761,4,0.443
13,0.417,0.651,0.0,2,0.518,10.577,1,0.117,191.926,4,0.862
14,0.111,0.653,0.0,2,0.0925,3.972,1,0.0944,133.903,4,0.673
15,0.38,0.501,0.0,1,0.713,3.124,0,0.128,175.11,4,0.464
16,0.316,0.533,0.0,0,0.24,5.061,1,0.128,165.964,4,0.568
17,0.383,0.565,0.0,0,0.154,4.663,1,0.165,173.965,4,0.455
18,0.595,0.403,8.69e-06,4,0.352,5.643,1,0.125,175.053,4,0.775
19,0.604,0.816,0.0,9,0.0909,1.64,0,0.0421,133.106,4,0.965
